rep,method,total_causal_features,causal_removed,causal_remaining,causal_selected,selection_accuracy,selected_features_original,selected_features_truncated,accepted_sets,accepted_pvals
0,shat,6,0,6,5,0.8333333333333334,"0,2,3,4,5,10","0,2,3,4,5,10","[(0, 4, 5), (0, 1, 4, 5), (0, 2, 4, 5), (0, 1, 2, 4, 5), (0, 2, 3, 4, 5), (0, 1, 2, 3, 4, 5), (0, 2, 3, 4, 5, 10)]","[0.2380538631916802, 0.2446082491051046, 0.927895594961782, 0.9280678780095942, 0.9450517003195356, 0.9472127823678821, 0.530109804317354]"
0,shat,6,1,5,5,1.0,"1,2,3,4,5","0,1,2,3,4","[(0, 3, 4), (0, 1, 3, 4), (0, 1, 2, 3, 4)]","[0.014102825819212524, 0.0460854377246354, 0.3117243523217355]"
0,shat,6,2,4,4,1.0,"2,3,4,5","0,1,2,3","[(0, 1, 2, 3)]",[0.06753129229669891]
0,shat,6,3,3,3,1.0,"3,4,5","0,1,2","[(0, 1, 2)]",[]
0,shat,6,4,2,2,1.0,"4,5,10","0,1,6","[(0, 1, 6)]",[]
0,shat,6,5,1,1,1.0,"5,7","0,2","[(0, 2)]",[]
0,shat,6,6,0,0,0.0,7,1,"[(1,)]",[]
